Date,Reliance,TCS,HDFC Bank,ITC,Sun Pharma
2022-01-04,0.005856500166309342,0.0052487919641821534,0.02256800618643373,-0.013251657794459137,0.01754973858225939
2022-01-05,0.023748059899165064,0.0013620485580332353,0.0046783256821907315,-0.0031038890460828306,-0.006126494479501976
2022-01-06,-0.01603984310146933,-0.008388102844906764,-0.021501345253092996,-0.006586067910290705,-0.013856734729521869
2022-01-07,0.007014065216755405,-0.0013717018816175042,0.00806936160518612,-0.0007833560620433833,0.012094758224837632
2022-01-10,0.005546546257012341,0.02243587196540453,0.0008211374162894192,-0.002714306788575427,0.006837729300460449
2022-01-11,0.004329223803858584,-0.006045670022546745,0.0071985346095710945,0.006894984686407923,0.009291693278563828
2022-01-12,-0.0059071611011752845,0.003604366275894666,0.026694530873670352,0.004565077167353326,-0.014300508971740955
2022-01-13,-0.018404907469722342,0.005387301598862582,0.00563257831109909,0.03503940437693487,0.009844718864781443
2022-01-14,0.011223881619827347,-0.006028122533946023,0.0014592243614068856,-0.006643746409087825,0.018022528336953503
2022-01-17,-0.015305974571291792,0.00898460299309356,0.005218714761259902,-0.007618289399479394,0.012852302324694254
2022-01-18,0.005093695490204997,-0.01714144700757947,-0.011930637670672262,-0.007618377959402123,-0.007103498702699107
2022-01-19,-0.007062391873801976,-0.0018120651543562794,-7.925612014159089e-05,-0.009684722113112665,-0.017308532446842495
2022-01-20,-0.006223334737592956,-0.007261247553800088,-0.017508798658603553,-0.022063162853485307,-0.02250503700070594
2022-01-21,0.008349742895133128,-0.0077711721774598175,0.00016145813480439308,-0.013719506606926224,0.0018161224976886992
2022-01-24,-0.022969166083636527,-0.024188129490431365,-0.04033744607968548,-0.009768197478916218,-0.01621240552666292
2022-01-25,0.000941802378942258,0.011803538246866419,-0.001955430137655201,0.008990466631372929,-0.00038437950467495874
2022-01-27,-0.008803616098592815,0.0014000416561690265,-0.014810894315983036,0.005012121095074429,-0.03200358989331631
2022-01-28,-0.007932447866967118,0.013979348368248212,-0.0009624596006205799,0.01877834810895007,0.011180556240503403
2022-01-31,0.015342702896110394,0.011948670212696744,0.02172662394365399,0.008642128198860677,0.012519913254716464
2022-02-01,0.0076057423881898956,0.034286915163721066,-0.0033100448383713843,0.06860397457702971,0.01723675270727476
2022-02-02,0.02284557996394443,0.01931924818657893,0.002038796342099136,-0.0012335351141165019,0.014615917301221693
2022-02-03,-0.010351309790659902,0.00990763991487964,-0.012921821992095794,-0.007971761471902039,-0.008194751972876668
2022-02-04,0.00570832797366938,-0.0006398568883466682,-0.009116992471189134,0.011770843444886658,-0.002536023443974633
2022-02-07,-0.036646947836261434,-0.01749895550074887,-0.0060910324535916605,-0.007718755609560812,-0.009410622172616234
2022-02-08,-0.004291121124552544,0.0045611990926772705,0.01680986243434268,0.007947803814536192,-0.00940724935347248
2022-02-09,0.024455293996096028,-0.00475667170358729,0.01165077198690656,-0.0007327106782835102,0.004567955829490655
2022-02-10,0.0183626071231342,0.009124461683646334,-0.001027756864084295,0.008855456021803265,0.002606177627334949
2022-02-11,-0.004098068577460756,0.000861088638276275,-0.001952955550853397,-0.015878312863090938,-0.01999835159802077
2022-02-14,-0.029726443419750392,-0.033250523200376914,-0.01592753072302533,-0.017327497416052773,0.010500926683579381
2022-02-15,0.02992472777000632,0.01617680440723257,0.033952754481895386,0.013817410199527203,0.02251086379655809
2022-02-16,-0.0013506110088112866,-0.0011211296717694719,-0.002067834789353684,-0.009067195704625552,-0.0012310116187921327
2022-02-17,-0.006102604934555944,-0.00044883941886919576,0.012660642914100295,-0.007250731412610456,-0.007579061809539711
2022-02-18,0.003883160712921274,-0.003368593295397182,-0.007816497153505186,0.00040565829314087587,0.0025631700304129534
2022-02-21,0.0064469001720672825,-0.017575442848075662,-0.010105621969422773,-0.02207676216803134,-0.019636747758976947
2022-02-22,-0.007489700492071427,-0.014449503217517146,-0.004541934249157831,0.0023109438014503603,-0.03575843737268636
2022-02-23,-0.006486984663605866,0.00511971760094565,-0.006257904357803934,-0.006561900239639651,-0.0063015953944280945
2022-02-24,-0.05430067899360491,-0.03449877026839121,-0.04983042481262656,-0.02618262755036349,-0.04549917424988803
2022-02-25,0.02585595640242233,0.026139207238095707,0.012501584759855078,0.016254082036001538,0.03501246074666908
2022-02-28,-0.020500015774869484,0.008880606962168525,0.033100326194332785,0.01485188295017248,0.009500740169950728
2022-03-02,-0.03645925226808655,-0.0025479994568410325,0.016528590159729406,-0.027254374993749497,-0.002264896401746097
2022-03-03,-0.002364950071045646,0.019043211954969053,-0.008442597417704478,0.0,-0.0004934763725232827
2022-03-04,-0.0032822007508430673,0.02780296108693814,-0.02217966040437158,0.010658864992090455,-0.0056568111811264865
2022-03-07,-0.03051585592270689,-0.0024389610258047645,-0.036980450005081655,-0.008437115537367146,-0.011193609505411595
2022-03-08,0.002264537587410631,0.00866853105710419,-0.0018083741523245989,0.03932406074508488,0.03301391496175721
2022-03-09,0.03264780777979581,0.010357041134898326,0.05305293556712609,0.015497106557117224,0.009069468557229454
2022-03-10,0.015716752553705637,0.01199556670379831,0.0162057070181576,0.0014972360770602045,-0.0032070116165675566
2022-03-11,0.002943860714386126,0.01875014839255229,0.0028843742724580235,0.037318167053697726,-0.006020503950675882
2022-03-14,0.03275356234172655,0.011212048439005029,0.00821124909032278,-0.010809317844724164,0.012183485683841422
2022-03-15,-0.012859148042412949,-0.004811667571219758,-0.022903423551681623,-0.0006724389977635914,-0.013477982008138878
2022-03-16,0.016959159817075076,0.019970592139903598,0.016882032477522957,-0.002747788460854106,0.017251290330003943
2022-03-17,0.022028304662173648,0.009480759296059516,0.03260040004969644,0.025191237371268382,0.004609031934946328
2022-03-21,0.004357713094086391,-0.0016335026388797358,-0.0057622161295350915,0.0024132504070288885,-0.012538192486390876
2022-03-22,0.0051463808510019415,0.021472361898023706,0.025836970246482238,0.00032832523920411916,0.020473109781403265
2022-03-23,-0.0099721058953961,0.009009143910405859,0.0031802620883611965,-0.01454972526017384,0.0030938112342326907
2022-03-24,-0.02474234155394628,0.01130937485767336,0.015536470964615967,0.008936357476277967,0.010087949739284507
2022-03-25,-0.00814473987106612,-0.005885807016342892,0.006670126992717629,-0.007151899454481914,-0.011307121969376666
2022-03-28,0.0013277095722972199,0.014604359522243593,0.010054544667211562,0.003934200178524305,6.721778332052786e-05
2022-03-29,0.013260834383360232,-0.009531186651336232,0.00022889101942968892,0.014847090483719239,-0.0006335980365130833
2022-03-30,0.01732340715447145,-0.021209767144079406,0.019217944713934898,0.0013597632659057002,0.0070707654935076025
2022-03-31,-0.0044686876908345274,0.00581861602279532,-0.01429143384162157,-0.006354568211401568,0.0022510587272888127
2022-04-01,0.024245846428019746,0.01057253038373207,0.00800831205138497,-0.006613724405974297,0.005026985167286169
2022-04-04,0.10013280477272368,0.00848795612809261,0.00295588596272367,0.01909317242444608,0.0030860743399037105
2022-04-05,-0.029303352093552948,0.015658666654358555,-0.014134593071974622,0.0032934746812292026,0.011789353465699648
2022-04-06,-0.03569110091851457,0.0005782020182325542,-0.002665476970303504,-0.0010762584208615644,-0.015584091193424077
2022-04-07,-0.021987942112275838,-0.01136376539088646,-0.017640127669412475,0.003070825909475605,-0.018959616505583532
2022-04-08,-0.001384541545002893,0.0434444708916395,0.01663533082917734,-0.0068211159446567304,0.0004071252208741605
2022-04-11,-0.012213989964952598,-0.0011202785692876471,-0.0020835455187616647,0.00086537570647649,0.0029167048727050116
2022-04-12,-0.0017712094201478568,-0.010093401792996004,-0.018830015747095974,-0.004430590107397214,-0.001433781540276402
2022-04-13,-0.01911619373234652,0.01793801590249533,-0.0036704626590998712,0.01676985995912683,-0.007897381752167254
2022-04-18,-0.04744191725951219,0.0020403846344425602,-0.0030568271891709964,-0.00987473192186894,-0.03656522922334149
2022-04-19,-0.038159735712594345,-0.031654938485107365,0.03811151438579774,-0.005929838364833628,-0.01591532490475267
2022-04-20,0.00901520102765363,-0.007646593159278181,0.029403954214529238,0.0016268194437580874,0.024453401809854114
2022-04-21,0.014804643347722024,0.0032748133225806164,0.02341420415400952,0.022306548759157385,0.020200842740136116
2022-04-22,-0.013642920320889762,0.002688172803730904,-0.008374892467938988,-0.020442877252333624,-0.004437080817430217
2022-04-25,0.007487518908593227,-0.02240518985665363,-0.023126105066907376,-0.026816592435922715,-0.01781274602019145
2022-04-26,0.004612857295605677,0.014495503571874346,0.029925734913569757,0.020055582489428847,-0.000535471440206825
2022-04-27,0.0003644722172004844,-0.005599462328681137,0.0009728284612975369,-0.013016707298444175,0.0042015384127871425
2022-04-28,-0.0008742463353362817,0.013980576161741531,0.014936774497558813,0.01644413377871423,0.006486606762600378
2022-04-29,0.009661899035616095,-0.005936338825208165,-0.010496844553254503,0.008306290715076381,-0.010490184850537876
2022-05-02,0.013794566492427718,0.013870152494807497,-0.003512220805415689,-0.005653401665599023,-0.0012124667706558956
2022-05-04,-0.03398155705334105,-0.012920470269329853,-0.0312181198537671,-0.024366598928601935,-0.01768568428877515
2022-05-05,-0.002249340358156937,0.008854650242840378,-0.019583051307966892,-0.025252469400898092,0.009670165018164312
2022-05-06,-0.026128085351410313,0.017553937433336664,-0.007667837110397424,0.0058645569667818975,-0.022997534174221346
2022-05-09,0.001707659985749732,-0.013875920356989813,-0.03905515805922055,0.0023775633879807856,0.003641443376487974
2022-05-10,0.016062498772530187,-0.012169577918822783,-0.017333167569684393,-0.02659837360336359,-0.001843026375478729
2022-05-11,0.005629822990939726,-0.015784351850623768,-0.010243865156212117,-0.008179912273041823,-0.007779229399176524
2022-05-12,-0.022541374746299248,-0.010756901830101584,-0.020373148453218026,-0.005615344659390953,-0.000981869596314966
2022-05-13,-0.008978992815111941,0.02253840208569935,0.01133618168124384,0.03823538831471307,0.0018336358359571925
2022-05-16,0.01064772576357309,-0.01740129707037852,0.00024742812395417424,0.0035126641714438023,-0.011157079086543287
2022-05-17,0.006819525084478695,0.041715861638159435,0.042002969066203155,0.006944488730584508,0.022151201709547985
2022-05-18,-7.60701687454457e-05,0.007933511921042857,0.0036375200455018852,0.008298301358383942,-0.000811238603972253
2022-05-19,-0.02043537265488382,0.033170948692405666,-0.023046433824998158,-0.016182020934979224,-0.054178107996594393
2022-05-20,0.026339199388788037,0.01578093805705283,0.05830992418703751,0.03510050071017634,0.0095187572339126
2022-05-23,-0.012831528938087589,-0.019643067803326808,-0.006687024049407242,0.0069897047078806285,0.008730634190624365
2022-05-24,0.011464565789395698,-0.013296760335366309,0.0034331188114329336,-0.01317716291523563,-0.010160321073921175
2022-05-25,0.00746825386215777,0.0068303070012822875,-0.0014717236252768107,0.001428701245291153,-0.03011337494052313
2022-05-26,0.02852189000788785,0.0018434672803810948,-0.009532953674984745,-0.012346282566597755,0.01872040446371348
2022-05-27,0.018548186125985744,0.009373675178587781,-0.004638449793369692,0.004389054426221062,0.010645008126857869
2022-05-30,0.006824668751382212,-0.0005571574388635314,0.034833597226589186,-0.01725856943640225,0.03493993366484727
2022-05-31,-0.008990181421866472,0.005946726776961064,-0.012064515499000228,-0.031183182606545068,-0.003229525724660176
2022-06-01,0.004247870790497821,0.004433911770285626,0.00032273202287358416,-0.024808234249415806,-0.002719433227380663
2022-06-02,-0.006990120435778291,0.006069517635822752,0.034478806698517106,0.024188350721407126,0.020207378133704212
2022-06-03,-0.0034653101291841626,-0.0029251823110044706,0.02026211469253436,0.006456783550247591,0.005010245093704846
2022-06-06,-0.0013403446022756116,0.007700817524765924,-0.004299321913067478,-0.006126427648870725,-0.0026742689770835604
2022-06-07,-0.011498447815830537,-0.0032750824496967645,0.0018789390542470752,-0.013433453021440167,-0.019892642176410513
2022-06-08,0.0035226241091967925,-0.021905844592008172,-0.017563864309453336,-0.001178840890742272,0.012326440798249738
2022-06-09,0.007532584923401364,0.011011608592377709,0.027422488741388307,0.013691232742717885,0.006741905256075764
2022-06-10,-0.019307465441589677,-0.0025844278181189617,-0.030192025191174476,-0.015310974028420854,-0.019608470856861793
2022-06-13,-0.018133411095118346,-0.02035906275097088,-0.018918767985980356,-0.019155808222066417,-0.04175706759978026
2022-06-14,-0.011005539391718666,0.003022729865790108,-0.013068504265982717,-0.005364716905555844,-0.0028109243914742343
2022-06-15,-0.0034681125273008373,-0.007722665072482537,-0.012100080715523154,-0.003333085931025548,-0.001323906457431523
2022-06-16,-0.020000642268297564,-0.010250622510895258,-0.013981257127930191,-0.009363943731142133,-0.02005439689508859
2022-06-17,0.006594847198335918,0.009973237116827072,0.01171867058382392,-0.026024985263401246,-0.0169000710184829
2022-06-20,0.0251211608387083,0.0030384330878772126,-0.018127395804297786,0.014998637927115421,0.007608102326802646
2022-06-21,0.010891378165838628,0.021961416400328115,0.016142122158476324,0.015087707132799055,0.03198497515179266
2022-06-22,-0.004713556869089697,-0.017043511611723128,-0.030378028692730985,-0.009970112562481592,0.003424903133709467
2022-06-23,0.003683430209162619,0.000753932743532193,-0.016223851308862614,0.019275942116895095,0.026636899809613146
2022-06-24,0.013968525475811733,0.0013182867203849202,0.014239772363903391,-0.00036378593693875416,-0.004744934803130874
2022-06-27,0.001809677643322516,0.01542222414340455,-0.0029600272909708902,0.013400567032308741,0.00655909897938356
2022-06-28,-0.007631267423767074,0.007038386286225551,0.014061295741832014,-0.00843675320700954,0.001040651011643856
2022-06-29,-0.0014489639351802364,0.008092712232504518,0.020750175973073715,0.012189352066993786,-0.008332756891577087
2022-06-30,0.0030135066030414492,-0.002006952904362702,0.006007443590275274,-0.009657730690156408,-0.0071113676047632746
2022-07-01,0.0042655925616648105,0.03967091929144129,-0.07202441133382764,-0.0016255351346924352,0.014691827404734736
2022-07-04,0.001403456299268191,0.02655184718429049,0.002075776015781905,0.00018113015575282887,-0.024146958852440115
2022-07-05,-0.0022498872951030036,-0.0171293060618547,0.008099730509151692,0.007716338653734445,-0.005795954592084707
2022-07-06,0.013788318037519343,0.00836542490790948,-0.00879497419965225,0.002273297905964755,0.013820332704893357
2022-07-07,0.017903395538873434,0.009159979433685406,-0.00984708684137059,0.01402646670375951,0.008310952979956543
2022-07-08,0.0009313211537584909,0.003767559527311226,0.0013818950959518794,0.00971218292161824,-0.006813037342460526
2022-07-11,0.006477772639859047,0.006654244461173464,0.013590319329088718,-0.0005247001950978714,-0.0464407884877901
2022-07-12,-0.010205120881973895,-0.007796472496873208,-0.0014234663536317749,-0.0065908427724576946,-0.009345376627276414
2022-07-13,-0.0243929425210464,0.004612131506421813,-0.017723871291533744,0.010039894454321407,-0.01489611015144554
2022-07-14,-0.005007872356286747,-0.010882400789694824,0.008243759266161277,0.02296122036477155,-0.01055856450728676
2022-07-15,0.00814181735525854,0.009282997270830595,0.0019399510502025041,-0.0017048730594357853,-0.0013839086623913532
2022-07-18,-0.010645711629641341,0.005961532252674262,0.008514275891133849,0.005009068090687352,0.02300811980173023
2022-07-19,0.000370975362096404,-0.002370444660412474,0.006130801356897031,-0.008495645397698537,0.0035090858783750623
2022-07-20,0.012610743211250108,0.012220042691614363,0.02704027546759802,-0.008911133918718894,0.029454246953092067
2022-07-21,-0.0031498964902587634,0.004527125664193665,-0.0066721480104298125,0.0024784345761885707,0.003949719983757927
2022-07-22,0.023332568004072574,0.003338226733574867,0.006757104525356716,0.005576883337341743,-0.0019825969758671125
2022-07-25,0.0029444218177803183,0.001829877134769342,-0.033038945248875184,-0.007032562208489801,-0.0013403234339337544
2022-07-26,-0.0020407755473872413,0.004483763365282112,0.000454336821754886,-0.000806189889726916,-0.016057590060971405
2022-07-27,0.007641368270902005,0.0056205062974714615,-0.0009496966554546349,0.030369435904352038,0.023412068941719433
2022-07-28,0.008864906637489067,-0.002301293750450073,0.01566637109219582,0.000950857706160102,0.022469142125480124
2022-07-29,0.012245573257363418,-0.001318176769863566,0.021305553089786766,0.054031388633266175,0.012697372716126809
2022-08-01,0.008332148168903375,0.01468417661935173,0.026061509721483134,-0.0259754912398793,-0.0009388871750930505
2022-08-02,-0.010994719163065603,0.007967244861364575,0.003806037042204169,-0.001578372177548526,-0.002121887173363257
2022-08-03,0.002342197658813383,-0.005807341638421337,0.00839563238205332,-0.022076936375743816,0.014490440671933946
2022-08-04,-0.00118574903264701,0.004381064612474006,-0.013217724520721008,0.02396890349314318,0.004626419800382253
2022-08-05,-0.0033872191387980255,0.0043618383940793315,-0.014736221725002996,-0.002776207574989864,0.0030106588861900097
2022-08-08,0.02452622559128459,0.00739899409781386,0.013082164304894395,-0.0060592737905527105,0.002793327722734107
2022-08-10,0.002906905620873479,-0.006226959308714974,0.005979447055030729,0.010215256011855578,-0.005986279738204425
2022-08-11,0.013230495037547918,-0.015906155738442007,0.0033300914736320575,0.0014679163171094078,0.020347511656798822
2022-08-12,-0.0003701191339638976,0.007510364672030034,0.016170684902742982,-0.008251480163983804,-0.006121349149615596
2022-08-16,0.011446680975836454,0.006481709335034669,0.006950197047236095,0.0012589232489612634,-0.002601788066104782
2022-08-17,0.005159207436433055,0.006440198979621448,0.005223923639605221,0.006778897579907683,0.0024758717039692346
2022-08-18,0.0011920298910590432,0.009918345434887899,0.0018135264755134717,-0.0043983505375735366,-0.00583637034172424
2022-08-19,-0.012336988544662475,-0.0115632209422184,-0.01782963293132045,-0.013570507164056056,0.0013309635264633357
2022-08-22,-0.015203745602630492,0.0076922057118877785,-0.002773763205759505,-0.023076540372174326,-0.009215120866808757
2022-08-23,-0.003094526260122188,0.004771144102165836,0.015422416830072727,0.008914997011191028,-0.020852436029971444
2022-08-24,0.004809630684436517,-0.005698186055805743,-0.0026635611319306696,-0.008329673941026017,-0.008905041618462617
2022-08-25,-0.005431678862279132,-0.005571326967029555,-0.0029169350696027774,-0.004199784206373347,-0.011411783544277854
2022-08-26,0.0001706777969487927,0.0017606898864315212,-0.005338078291814985,0.0032487536543250872,0.0012427652673285827
2022-08-29,-0.017541401999611073,0.002077387990370827,-0.007773081304953466,-0.0010225924666482644,-0.02782263279617414
2022-08-30,0.032444052148493,0.02216563589982301,0.015513949903363411,0.015695130167633797,0.025091217804394716
2022-09-01,-0.009386972019100326,-0.009048573813508876,-0.02939787414630679,-0.02373890245635024,-0.024741788622186567
2022-09-02,0.009068361247239975,0.017474858882564392,-0.011677796260084805,-0.0026379853200538816,-0.00041494832659094705
2022-09-05,0.006428814121308912,0.017638872703356512,0.01553062529449889,0.01730787415205981,0.0009582381218253833
2022-09-06,-0.003812608623201652,-0.005169403144648199,0.010525930229279057,0.0035609259537183746,-0.0020266185562299865
2022-09-07,-0.004733579645045394,-0.003209473796700224,-0.005814710224202213,0.006758587985042697,0.007211373573245972
2022-09-08,0.010321726440019274,0.01165272137280815,0.001413809804154731,0.0006153297863351614,0.006365761146499116
2022-09-09,0.000667781442689197,0.001818790784328117,-0.006227184727505497,-0.004808148958129532,0.015143589679732061
2022-09-12,-0.0033698596140117054,0.0012103984128348788,0.011189704801322531,-0.0025842590029595547,0.007863001535259428
2022-09-13,0.013089662001999347,0.01057714966968959,0.008352546182887055,0.002759889735511667,-0.004193725385061353
2022-09-14,0.01027694121584255,0.002840766085054014,-0.011985969806073804,-0.007189785554859829,-0.033737622418741786
2022-09-15,-0.005200712967511567,-0.003727442473366649,-0.009909658052743908,-0.010693125059894282,-0.005143440956940637
2022-09-16,-0.018379652406341318,-0.008380632241114516,-0.02477866705845011,-0.007148531384270074,-0.030811595702424532
2022-09-19,0.006598558942435773,0.012979222994539574,0.0013003341836381743,0.00783362128964793,0.0066807036565144085
2022-09-20,0.012045745637479843,0.0011918971570985537,0.00015985959711106723,0.042407305187352584,0.0037968836220299007
2022-09-21,-0.0015453315322538907,0.014731913851381728,0.002757030454368925,-0.007292078828523452,-0.01286073536779675
2022-09-22,-0.021305882117054198,0.012025431563951638,-0.009423352777839678,0.0029823425784998303,0.0020660057032604318
2022-09-23,-0.02681707568162428,0.003912444142935678,-0.018744184995918123,0.014427415788818232,-0.008429182790416156
2022-09-26,-0.013484137534203078,-0.03983825175331279,-0.02547659688841286,-0.02214741952081334,0.004141384701230155
2022-09-27,-0.008971961852335286,0.0067647183504961905,0.007950048513079233,-0.003941289491104838,0.00769782275454256
2022-09-28,-0.017187121501666014,-0.029565450903095147,-0.026624848720548266,0.023072968025204643,0.006031488118885875
2022-09-29,-0.005181637566169406,0.024926929341010373,-0.0030654132919567534,0.014000045618466794,-0.012633398746523694
2022-09-30,0.02821285978955168,-0.0025521604266963704,0.02255610218336801,0.019286663910716983,0.0024190615181955977
2022-10-03,-0.005734062343682345,-0.023479819237256394,-0.0034695692093079655,-0.004374599255091982,-0.006523323390649649
2022-10-04,0.028163179723278864,0.026048121129401247,0.018442549179660928,5.290290281578791e-05,0.03557820186307992
2022-10-06,-0.011011678481511966,0.011416627926854828,0.003687980576325467,0.009898881785543212,0.003493988592538466
2022-10-07,-0.004314596378945157,-0.007574818669324301,0.0042320744053727655,0.001310467909449553,-0.01194418552734644
2022-10-10,-0.011042813053319778,-0.01870683375825377,-0.0109153781425948,-0.009527461030103157,0.017504643354081972
2022-10-11,-0.0101412943065875,-0.004727903373701103,-0.019910347914514737,-0.0013740912431885466,-0.015712327166103268
2022-10-12,0.006532718200884302,0.011645691180242723,0.007358309753732639,0.011431636498676623,0.010164209910235478
2022-10-13,-0.011490997195272468,-0.00439254845608672,0.0031785978166363194,0.013447757812345307,0.00082246660271168
2022-10-14,0.03257742768773708,0.010497549871269163,-0.005078014047500079,0.008157724098040608,-0.0013375479235377963
2022-10-17,0.005246693313851081,0.00045152305908446877,0.01605004919058306,0.0037899582723008862,0.006664638349390017
2022-10-18,-0.001866481792748509,0.02422877611283658,0.017644022242920387,-0.0016837169251564532,0.010588723277130452
2022-10-19,0.010250451503590163,0.017778450938377377,0.01739930775856724,-0.0014820079617522408,-0.007266178323629968
2022-10-20,-0.006752905137131671,0.009672379669797948,0.002686613542715266,0.0035313703300536847,0.011355438684709895
2022-10-21,-0.007040377896302297,-0.011724433086617414,-0.011597324220869898,-0.0027028697490848463,-0.006303059717189141
2022-10-24,0.015605494124308894,0.0060765824019208825,0.003337933287856698,0.009511947526214426,0.007745364563209067
2022-10-25,-0.006947055065766872,-0.004026621528506524,-0.015444433864940765,0.004609943644211079,0.00012657446309538578
2022-10-27,0.002412288543351737,-0.0014437076573007301,0.003931780072657709,0.02027128958714486,-0.0014864177632417652
2022-10-28,0.0029565591892264376,0.0,0.0305980481475272,-0.021400599648933483,0.0018528771834271929
2022-10-31,0.026050489443451452,0.008386338881025468,0.009282890515158293,0.027171622798196626,0.009452212332490051
2022-11-01,0.011057734439106737,0.0022941365475932507,-0.007746260541677152,0.01937261288106118,0.020841571964390848
2022-11-02,0.0006277644393783977,0.014735375975768461,0.006245323406491199,0.014808137864750215,-0.005522194305345951
2022-11-03,-0.004391761733543387,-0.0026787654819064866,0.003731815200460842,-0.007367487587224941,-0.010781176546655002
2022-11-04,-0.006898534569410142,-0.0002827005755499101,0.014715513605552566,-0.004117976498368647,0.0033212403428934945
2022-11-07,0.007781432587818271,-0.00028278051776498003,0.005341741835029001,-0.011106760964756046,0.005066124758849488
2022-11-09,-0.0002982877961029695,0.02036768609728412,-0.0009974666828893586,-0.014392024664661607,-0.005458202727439021
2022-11-10,0.010872840436952025,-0.013030168593156422,-0.012096770466866302,-0.00286114007155569,-0.0032338007736943952
2022-11-11,0.05666500336846991,0.000983160484606893,0.023051664455514542,0.0028693496829126364,0.0344079941744011
2022-11-14,0.002420752192825004,-0.02567696095535832,-0.00484477949151052,0.0033052660915182663,0.005895708505206487
2022-11-15,0.0024456944538366887,-0.005616382287350508,-0.0044862027238016244,-0.0008358784221397242,-0.0008694826171442571
2022-11-16,0.008585468816474817,-0.003330938588547938,-0.005733969771021696,0.0025589105951859814,0.006826514680297935
2022-11-17,-0.009032937361613258,-0.0011624548713821126,0.0025844804296910606,-0.005202986706603685,-0.001892207833926518
2022-11-18,-0.0026264033020060307,-0.0077100562575098675,-0.0005386101697008039,-0.0037005114792439953,-0.0016573715824818036
2022-11-21,-0.010254808083404177,-0.01128893642677875,-0.017997112481953015,-0.006388685927781856,-0.017930530461438554
2022-11-22,-0.0014711777490201694,0.009045027805377748,0.005547101142766131,0.006928177853853024,0.009578102752287432
2022-11-23,0.002601934483453583,-0.0013223349121576078,-0.0031188515220468283,0.0074744902783223655,-0.0020060153432778227
2022-11-24,0.016258735448256845,0.002795621551319627,0.00862325718365975,0.017147397799379682,0.021718082237558
2022-11-25,-0.0046150445441129895,-0.0013206055849023235,0.014927647953235201,-0.0012077273284710754,0.0028105390193113866
2022-11-28,-0.010756338262419951,-0.0007346869146140911,0.03436355519505385,0.0008705661996157854,0.0016520735902427752
2022-11-29,-0.0014997429748099256,0.006616832141238094,0.0017172978849127052,0.014592863996717886,0.0006186057349613083
2022-11-30,0.006633707972206748,-0.006719290213632156,0.007060716303723735,-0.0036195107891894285,-0.0019281118824340249
2022-12-01,0.006870115046864189,-0.001323624356846298,-0.0029472663135703403,0.00038237881829350506,0.025023718585835075
2022-12-02,-0.007656620834038619,-0.0070679799977140245,-0.0004222265143128956,-0.006163592314899269,-0.010501593697575196
2022-12-05,0.0036400024405072173,-0.0011866309166054245,-0.014583970010433434,-0.0005769656133481904,-0.003852852531862072
2022-12-06,-0.0011159508302155396,0.001633435777765646,0.002889044290670828,-0.005628221100957953,-0.01183609723964929
2022-12-07,-0.0004343607456928078,0.00830122991965987,-0.014757275261258918,-0.015287122658710683,-0.00140323103228146
2022-12-08,0.005619448850720188,-0.0049986177523744235,-0.0004715561544786917,-0.03630557616904262,-0.00888882963716342
2022-12-09,0.007131919001200915,0.008865211101331427,-0.015155156523207536,0.012285790251705953,-0.01725108770403594
2022-12-12,0.007786406700851511,0.005272364776338634,0.0015330462791804944,-0.00548923411401625,-0.0019132571553995836
2022-12-13,0.0027680059291150805,0.006993020184870691,0.004554030995900238,0.007342636132434244,0.013890434418398323
2022-12-14,0.008463252527359133,-0.0005787568249281394,-0.0036190073370315767,0.005630006266726051,0.009978614751503079
2022-12-15,-0.01831853421201901,-0.018963309769430614,-0.01420399882302159,0.0019494826630730433,-0.017902993631595865
2022-12-16,0.004810630541242311,-0.011066929020606464,-0.004945007020810577,-0.00853111986268218,-0.019621229658065453
2022-12-19,0.003110450226181838,0.016114460627862037,0.013135413074064628,-0.00573649926187636,-0.011789129105622687
2022-12-20,-0.006900730192377802,-0.0010277040664398163,0.00865623259137105,0.000404930018169658,0.013085279389245752
2022-12-21,-0.009673186696852132,-0.014699581389624017,-0.014226882921651529,0.017453258952786488,0.007583526548243347
2022-12-22,-0.0034309964530242487,-0.00805602925094362,-0.002592330364802109,0.00502193906323134,-0.0027078107036063725
2022-12-23,-0.008932669495163026,-0.017295825433596534,-0.02932730041118281,-0.009004134331801139,-0.00961730188156562
2022-12-26,0.019904171481408772,0.02418116802046888,0.008732132492789813,-0.0014976312607649644,0.007604360005752264
2022-12-27,0.001012635287583885,-0.004333473543538302,0.008181279603279412,9.999183494890929e-05,0.0020288397720702456
2022-12-28,-0.0007969702067059936,0.0037521649389260503,-9.814830713605893e-05,-0.00514928597411024,-0.0007361601394023642
2022-12-29,0.007056025664105237,0.002840766085054014,-0.000451904868350117,0.005577808576668231,0.003576899717939064
2022-12-30,-0.008011911174725328,-0.01133141224840195,0.0015332809657724322,0.0008496640220734264,-0.0036865802912435797
2023-01-02,0.00033781459666015756,0.003921065769629584,0.011267369057567311,-0.004393899057232087,0.0014586633951434447
2023-01-03,0.006538975476135578,-0.00525780831433087,-0.007317846942682227,0.012136279561821395,0.015299942352796636
2023-01-04,-0.017872925000491313,-0.012382636694371452,-0.015056372900683068,-0.004954817089960262,0.0009963498601526233
2023-01-05,-0.0064283926426362825,0.019724568364200668,-0.0017868175567857802,0.012050653208797835,-0.0010707963217290173
2023-01-06,-0.00331309755114495,0.004798329192521766,0.00908899258763829,-0.007380452528003678,-0.03006552036234711
2023-01-09,0.0019442491063796918,0.008953849783971624,0.023611466713073792,0.008079733379332765,0.033753176850892075
2023-01-10,-0.01827849623009392,-0.013755320197075815,-0.014787490451594998,-0.004917177165980946,-0.010105743325159566
2023-01-11,0.014410424649934583,-0.004799156617134592,-0.012605456587987396,0.01596089075447238,0.012871283856907612
2023-01-12,0.005342940047444511,-0.005877059057424416,-0.02159420047461358,0.004717903447162497,0.0016973314621633318
2023-01-13,0.0007815973518165986,-0.003334664756657557,-0.0016183328834358246,-0.001210297078207856,0.012056445151431117
2023-01-16,-0.009589933122000627,0.0044106950767042186,-0.009523415273724134,0.003732040818115845,0.010455938789795116
2023-01-17,0.014886734188230832,0.006208137580511419,0.014197583677735048,-0.0026558579476697597,0.013302057605304674
2023-01-18,0.017651887629510865,0.007223598336451698,-0.0016541938679829338,0.007165762405051401,0.0034337488185904874
2023-01-19,0.00415314198784178,-0.007470478037078343,-0.0010708375808450299,0.00043266743089387383,-0.004985425633140972
2023-01-20,0.010248755052007619,0.007376076713363489,-0.011892981448052287,-0.00980256286069403,-0.002964578601942547
2023-01-23,0.007315171353029948,0.009414257088184774,-0.005055950556254185,0.0183918109054515,0.01540253964695637
2023-01-24,0.013388294974792991,0.003552930334216997,-0.005904560308146678,-0.008196103220761808,0.006266490047279971
2023-01-25,-0.02763198511131726,0.0008852205729421581,-0.01382486439006081,-0.0006243472705455,-0.0019060706492235457
2023-01-27,-0.019925361547316833,0.019896878513975036,-0.018971177009847073,0.0032209882550233715,-0.00545219190638091
2023-01-30,-0.0010211112614041395,-0.00346842176881923,0.009583559952507814,0.007954632799965333,0.006625410517928643
2023-01-31,-0.006597995956959313,0.02189680589475551,-0.0025004051188896037,-0.016354439444882463,-0.02182798818875087
2023-02-01,0.014998517535951716,0.025684773666668326,-0.005926381183538054,-0.01894630343029069,0.014782507526804212
2023-02-02,-0.014869008848611198,0.047592578917228234,-0.005534414784891695,-0.007192848893399217,0.015271420700410987
2023-02-03,0.03458380399771066,0.005414778842537382,0.0008808411027003693,0.020395075935025764,0.006328624500181013
2023-02-06,-0.004250034277553438,0.007224414469125584,-0.007535384906841025,-0.0046686162758036165,-0.006418191951600094
2023-02-07,0.001483163259389686,-0.026473670005203842,-0.002400987049316017,-0.016563188073926094,0.0036416866938719927
2023-02-08,-0.00012085142590112508,0.006162221564373738,0.01997044945426807,0.014115472852408883,0.01369300553436914
2023-02-09,-0.002085859364394982,-0.0034616674253590274,0.0017432976328535243,-0.006120428309136061,0.005894750591303843
2023-02-10,0.0039684040125325115,-0.007748724731902246,-0.008234161675311213,-0.00019872139895871221,-0.0009319051019217595
2023-02-13,0.0007543057007950438,0.007674604368410831,-0.005691914933354525,0.008593368445887428,-0.015590013926328639
2023-02-14,0.009256265507009864,0.03273640656087262,0.023565201007728964,-0.00837236653427842,0.005082829144003265
2023-02-15,-0.0020313713215357465,0.005210505036365554,0.0226439505635323,-0.011273868720501734,0.005871170248388902
2023-02-16,-0.0036221119931663104,0.0009158130667292763,-0.000781235482407161,-0.0002510731785920761,0.010623219796149552
2023-02-17,-0.005017287679905169,0.002221804918164816,0.004176852860159785,-0.01070202449489821,-0.015992017346483922
2023-02-20,-0.00939076359274138,0.001695195598214072,-0.010572772478113612,-0.00010157944883870673,-0.003955804657313267
2023-02-21,0.0037491819471047183,-0.004686932447173109,0.00815931881261811,-0.013002788840022816,-0.010409279515440462
2023-02-22,-0.019617331263293458,0.004185842365364678,-0.02267789128612563,-0.003139275380859896,-0.01432913691173543
2023-02-23,-0.0067834827934436515,0.009769552726903719,-0.004792168145840492,0.0040783021569417155,0.003601349511024754
2023-02-24,-0.00891951085935716,-0.006450021327817357,0.006842791874445808,-0.0020565283866825768,-0.003910673954771515
2023-02-27,0.0024860273225906226,-0.007530380384970448,-0.006649328655966902,-0.005615649922502963,-0.020173956815728755
2023-02-28,0.004206074559754969,-0.014390422286025384,-0.01913130190652368,-0.008756035053023026,-0.005702348105365518
2023-03-01,-0.0009688851318399028,0.005309155561968648,0.009192494808849982,0.0028225053076604834,0.021990079651265315
2023-03-02,-0.008510454549206847,-0.008317748048981555,-0.007615487257931708,0.006254544074330681,-0.018976898142619714
2023-03-03,0.019849193046862057,0.025029769636676136,0.025515304630292057,0.0016575981540620788,0.006232359145909916
2023-03-06,0.00705486381014464,0.008312873743547389,0.009767736974090058,-0.001706601753686643,0.008886339729874404
2023-03-08,0.001997156073448192,0.01094929841013803,0.0035911804923451918,-0.00802891945897899,0.005501568693831116
2023-03-09,9.203100923782515e-05,-0.012487114994223725,-0.024034479756627536,-0.005013041381915717,-0.015794663270153442
2023-03-10,-0.025786458233668208,0.0012901361615567097,-0.015492309610436683,0.002991481545765229,-0.0017530897650218646
2023-03-13,-0.012652220164935502,-0.011211282167839287,-0.016446320154142047,-0.001517427454261644,-0.014725324521781546
2023-03-14,-0.002677753346180811,-0.010295712324415396,-0.0037426419231378905,0.0032490991119327184,-0.02041478440388378
2023-03-15,-0.014350887145308522,-0.0007902442534172271,-0.01709185402885538,-0.0060593126491602645,-0.0049923979900934334
2023-03-16,0.006485461391291691,0.005403355900948759,-0.004984211156079055,0.016817298524254287,-0.004345090418776509
2023-03-17,0.013370736280613693,-0.01546723295059993,-0.0012578657152514383,-0.010026919677763368,-0.0017897458307540859
2023-03-20,-0.006931086460365221,0.008653807465151653,-0.009828593079971859,0.003654639605390919,-0.011323344733607632
2023-03-21,0.011333432044769998,-0.0048838021853185865,0.031095783633779517,-0.005201828000446218,-0.011834511922766744
2023-03-22,-0.0023108025864798654,0.002122347757668841,0.003040240627299351,0.0165759665325369,0.00795208510621559
2023-03-23,-0.008027694362236382,0.007676994404416604,-0.01265043541995059,0.005760983911960116,-0.001964451466695216
2023-03-24,-0.0015993645712953919,-0.005122885475656536,-0.019797240492086643,-0.004909655632532539,-0.001328071004901732
2023-03-27,0.004357120157095995,0.003961001497570393,0.01554492654595152,0.01089584635624119,0.0005769546678839887
2023-03-28,0.008134148671549601,-0.001183574928688591,0.004670342556919671,0.0007626273165355357,-0.0020498902998358215
2023-03-29,0.004809659777337716,0.007899911713775909,-0.005916375657558426,0.007823682407073429,0.007381643187068354
2023-03-31,0.013698271183044675,0.0019594518379626447,0.0431153545620222,-0.00887204857867474,0.0213448135792067
2023-04-03,0.000621334763254433,-0.011994770126307452,0.00017161391183129204,-0.004119539177640075,-0.0018401822842853965
2023-04-05,0.02682296244629301,0.019794179239610576,-0.0024019531267025496,0.018487329543691144,0.012437555467767591
2023-04-06,0.007619086189819546,0.0024586676230491378,0.006707101431213225,0.014992623621623347,-0.005895335909927524
2023-04-10,-0.00474087988276406,0.0030978182618159877,-0.0070895451222589,-0.0034581422558597197,0.013257858624383445
2023-04-11,0.002924436865205493,0.019173880905046792,0.004946597997528501,0.00064458307780213,-0.015198821715293853
2023-04-12,0.012986264224639221,-0.00618675324719431,0.004408690243928648,0.007381743165746579,0.008665665588686533
2023-04-13,0.004480822234418369,0.005208899081446949,0.003771146320682428,-0.012983207152131526,-0.016288008574429136
2023-04-17,-0.01524409346840605,0.011501582982791803,0.005073294224159808,-0.004783308211805615,-0.015475892368952637
2023-04-18,-0.004230092558343279,-0.00412355689437538,-0.011446835349817275,0.006107992198636447,-0.002787070785306933
2023-04-19,0.003675656522012627,0.000627395246750595,0.004977935953307311,-0.009255595048504706,-0.013143669604629205
2023-04-20,0.0037222040766655695,0.00388723409108116,-0.0025300184592548236,-0.007785072175183871,0.00491965192884769
2023-04-21,0.001614828746895558,0.019860038844701666,0.0012575605513753807,0.0017211687550002797,0.0180527309138534
2023-04-24,0.008091577183391596,0.0011023406774459676,0.003831465166304504,-0.010409832222342597,0.004413268663398862
2023-04-25,-0.014216755954543525,0.006973283927946383,0.007654775303993722,-0.00679171737592521,0.00037802997800295834
2023-04-26,0.004596833598998984,0.0017008304575569788,-0.005871009310085773,-0.0012853141034351312,0.0069741530555698095
2023-04-27,0.005503068957942725,0.009096525458450966,0.006329076665974487,0.007670617824914405,-0.0031891719060027635
2023-04-28,0.003926326148123271,0.02295658781073695,0.018278901573977047,0.009144692101651808,0.00981821243182246
2023-05-02,-0.00020745461084781258,-0.0025847333417877705,0.008489959566938987,-0.014782663359623527,4.642604779991899e-05
2023-05-03,0.0034968617858857076,0.006361021375182796,-0.00858236750432706,-0.009711601644267098,-0.01226934829100701
2023-05-04,0.020464766358192943,-0.0059696259572353805,0.011528404448272411,0.010792874711731182,0.01283081860864832
2023-05-05,-0.05912137768739789,0.009773734491867359,-0.0025530362364671877,-0.0036447191597835937,0.0031049409030918795
2023-05-08,0.011564455725715295,0.0062973916960797904,0.01234764080761197,-0.008861919479649427,0.00615951788118041
2023-05-09,3.0469127368926152e-05,-0.01773096473180491,0.0030947752193404288,-0.004574549114284454,0.010044175917383491
2023-05-10,0.004621447282649349,0.003657550957253397,0.006876407039037247,-0.0038121693709720628,0.0010812670901123589
2023-05-11,0.000665834833803558,-0.01163759949915033,-0.006528898860441723,0.0076011236546684735,-0.0014148790875249118
2023-05-12,0.00883148009084378,0.00011902661482254828,0.001632709211621508,-0.005254571139176045,-0.00239150704414004
2023-05-15,0.004796766783873085,0.017481279106076775,0.0019723320264461996,-0.003138099561179608,-0.005879189089444403
2023-05-16,-0.005734045734754223,-0.008999647359743568,-0.014241073198201004,-0.012644216736206415,0.0009523173395074025
2023-05-17,-0.005372454062468779,0.008609590708256398,-0.005909256702143262,-0.005313841708003086,-0.015177279284719902
2023-05-18,0.003997697930977484,-0.018475224392966894,-0.002152146402083055,-0.006731127301839779,-0.00275807122818017
2023-05-19,0.001155142358030492,0.0003575067479397731,0.003245399247497227,-0.004087695047266471,0.007187980686149231
2023-05-22,-0.0035521220820657895,0.01167069954238631,0.0053441948145880325,0.012529108071659856,0.023534857860650904
2023-05-23,-0.002346184170375465,0.010359072465767616,-0.0001834269202750649,-0.006240475269367773,-0.0005001570485084761
2023-05-24,-0.01307105232235617,0.010136427487361876,-0.005825853647270285,0.02205894492517979,0.0019108877201892138
2023-05-25,-0.0038371917397499455,0.017646949818851176,-0.00012284113014715548,-0.007509265513091723,-0.0029820112563752055
2023-05-26,0.003851972496796474,0.00555364280527626,0.027275177223661906,0.026349185280934995,0.010748552292071167
2023-05-29,0.012192023043485545,0.012398522442730542,0.005625304653326557,-0.001494911888484829,-0.0025684497275089146
2023-05-30,0.0007643441431899323,0.024282973133954888,-0.00025790129032332576,-0.009138345319954277,-0.001249794925538339
2023-05-31,-0.015824045180777846,-0.00978000320181649,-0.019861505980269256,0.016413019514355698,-0.008051460052097226
2023-06-01,-0.004252418372695743,-0.013019061444830116,-0.002692473589528843,0.012662074228300568,0.010488045740604246
2023-06-02,0.001558631031730151,0.008414800060830396,-0.0032680465833422323,0.012048219573300711,-0.005535561789681287
2023-06-05,-0.0013071813789299336,-0.006201981458687222,0.008980979718488769,0.009153707973020175,-0.005052163933925935
2023-06-06,-0.003116484774013828,0.0048791932334104615,0.0008478003068661533,0.005006226433059702,-0.017209290687519307
2023-06-07,0.0051894437478976485,0.0025970527913941055,0.007582647132798437,0.0007890874952078963,0.013179482769793083
2023-06-08,0.0006219395919038195,-0.002365174785387558,0.0006003982174092037,-0.02720288908842694,-0.01174074149730664
2023-06-09,0.0011811300462301055,-0.010047339840728253,-0.007080961370136252,-0.0030901031278905977,-0.00838888727120013
2023-06-12,-0.006084625371135077,-0.003421205585800946,0.000886382028176147,0.001524479527478917,0.011715867486794762
2023-06-13,0.0016866237551269592,0.01933850514891078,0.014773657669752804,0.0026889734886708094,-0.0009855311533805144
2023-06-14,-0.0010913428295437066,-0.0020205376516879703,0.012297414814561813,-0.0014167405247257348,0.0022660770016058596
2023-06-15,-0.012299045836445921,0.008098981145150841,0.0002742338585028925,0.0017230002689383461,-0.003331454444959192
2023-06-16,0.01308421912757507,0.01115822333500982,0.009735513877803248,0.0036421764849947635,-0.012871827206138997
2023-06-19,0.0008736237003428293,0.0011034785775743128,-0.009932564181680537,0.009879016130845075,0.01118129576378113
2023-06-20,0.0020882997751512367,-0.0016533933821840652,0.0020769665976194673,-0.009832319852972948,0.005388884050799181
2023-06-21,0.017480446800544724,-0.012807754141379912,0.0028157664095569412,-5.0313338179841516e-05,0.009449535262601172
2023-06-22,0.00489125821775005,0.001342001607707699,-0.011231231964013988,-0.0016131457709606112,-0.006046430452341545
2023-06-23,-6.081260751411577e-05,-0.006478111988369117,-0.008183777628040678,0.0011613536007286651,-0.006839514849935946
2023-06-26,-0.004837223669248436,0.0021359410070322937,-0.007634878421472924,0.00353004138031654,-0.008301330616635516
2023-06-27,0.01409308303568424,-0.0013461441841173816,0.00036067853855548115,0.006884826238206854,0.0024141924079048582
2023-06-28,0.010581271266300929,0.00954846220731187,0.01323874951584103,0.019963927543767968,0.005660755839923315
2023-06-30,0.015064137695996127,0.005007170541187822,0.00820318900730177,0.029164442596377294,0.026994703332795522
2023-07-03,0.01081469710850591,0.02579715540839289,0.025664134100495506,-0.017972787314166627,-0.009069513654023198
2023-07-04,0.004884185539692609,0.006691800047666785,-0.010303090712527663,0.015590246207118685,0.01116946125987206
2023-07-05,-0.03176702426094058,0.018762658027511536,-0.0016417822106792324,-0.0039093040970626936,0.00335477391112593
2023-07-06,0.0010159144440400336,-0.002525685205939099,0.02099047816519084,-0.0021057321258994843,0.0008883134006505422
2023-07-07,-0.008716392235104897,-0.01160579473219181,-0.0019516771665121224,-0.006522924779725381,0.0019111287086504003
2023-07-10,-0.002379039677046335,-0.005444165200909068,0.03852136695901098,0.00897963859598927,-0.017211197734068207
2023-07-11,-0.004859748015982102,0.015670397059074803,0.010840778220829517,0.02607631551676759,0.00013771447922783508
2023-07-12,-0.009372715944458432,-0.0017964060029718176,0.0011032091528251353,0.006062145332706548,-0.003820044038408188
2023-07-13,0.004990894263712464,-0.0006352744317393855,-0.008942320122229841,-0.0028736645577995823,0.024740153896954054
2023-07-14,0.0020718484836235174,0.0019066681469095403,-0.0008384856837416743,-0.002510176398692332,0.0521170385062093
2023-07-17,0.02091823151829897,-0.0011630337505939004,0.020432860121354146,0.004333798054723115,-0.006529746468689535
2023-07-18,-0.0008338492447176327,0.0003176402909452758,0.00849196120665141,-0.009697346637527304,0.0014749138985805654
2023-07-19,0.004530526685969205,0.013439206179266083,0.007587644019940054,0.013775044626532562,-0.007663923712822318
2023-07-20,0.0021660743855471676,0.02777493079667548,-0.0012112040894887155,0.014604524245784845,0.0006500980386721089
2023-07-21,-0.007698062989687671,-0.0034543886031055404,-0.0309558494555926,-0.00045536965584069833,-0.027430565673932428
2023-07-24,0.0015814768143613822,-0.03894372474369767,-0.020226646234984158,0.0029622239487079316,0.007852600390671594
2023-07-25,0.010843567585516523,-0.019200180458786464,-0.0006430880929476634,-0.004861795393377499,0.0012961695565059106
2023-07-26,-0.003477560509708044,0.021522792824992143,0.016252171732105358,0.01547850737280898,-0.003192002141455097
2023-07-27,-0.010380299439160745,-0.015246076751834536,-0.009302464637258923,0.0206384136647757,0.0025380122012299555
2023-07-28,-0.01772099639454805,0.007310927959592206,0.010049186754339967,0.006720226846236965,-0.012216841568225334
2023-07-31,0.004684992138138,-0.005870409030566459,0.008465680377409468,0.004259698770594955,0.01968472914121011
2023-08-01,0.006692168381190466,-0.001932535966848059,-0.014141416292952513,4.376876175338218e-05,0.00894346345641095
2023-08-02,-0.013084566375599294,-0.010111938203523074,-0.010683560280627447,-0.0071714165730603074,-0.0033024381976739514
2023-08-03,-0.007223465702508425,-0.008802371250416607,-0.004202931956756251,0.0050651348123762485,-0.011829202021944263
2023-08-04,0.014459798873086793,-0.0024120859447251952,0.013591001723298746,-0.0017968682495452803,0.012823755533265091
2023-08-07,-0.0005749783102241279,-0.00010977742569884263,0.005698252275666782,0.019184545853298873,0.011761234528929299
2023-08-08,-0.0008175085356503242,-0.005605730539035125,-0.006022717259995147,-0.010467004088052012,-0.003860430373677559
2023-08-09,0.00036355839064716733,0.01392729633782297,0.006597382475515889,0.0036130444727640043,-0.0023337919181189992
2023-08-10,-0.008876095730565803,-0.01504420231000092,0.004454951854089506,-0.0021688567409563486,-0.005891925499500905
2023-08-11,-0.010422693526551674,-0.006640734116121205,0.004218488758902961,-0.015604485796142709,0.0019466003557084832
2023-08-14,-0.004880042993215983,0.001002726821534905,0.011817130551516453,0.0016778964707160338,0.0003045227341538226
2023-08-16,-0.0029177683521276476,0.0023374549240344766,-0.0008147887022478262,0.008287406169381173,0.002478331644213849
2023-08-17,-0.005541001710545279,-0.020544111711115365,-0.014426274382724147,0.001005476900833857,-0.006549279184113965
2023-08-18,-0.004100687425927285,0.001473897765019938,0.007407409568482626,-0.008647639535494966,-0.019981074804245824
2023-08-21,-0.0007857673542085442,0.01392507584927083,-0.010911451236625624,0.002202733987432426,0.010261084008771348
2023-08-22,-0.004278134694454927,0.014403630923507382,-0.0002381397614932279,0.000131998955888335,-0.005732696427157236
2023-08-23,0.0024642189450490015,-0.008365313470104496,0.0011114208967042405,-0.012175516523483254,0.004760277320462247
2023-08-24,-0.004601099094363681,0.0009990194211773051,-0.016810678936159063,-0.0048054446266588835,-0.0030896756927156765
2023-08-25,-0.011270761840894816,-0.016744239456594423,-0.004617245392697478,-0.010730541167751961,-0.0019039732466235026
2023-08-28,0.010406643353750855,-0.004398411694207405,-0.009966240806545956,0.009671915087364313,-0.0017005373738520069
2023-08-29,0.007954450432072546,-0.0029452026545010446,-0.009575426232875661,-0.004834379843298486,0.00017783360209522314
2023-08-30,-0.007294318060751426,0.00613508270588814,-0.0009503179429315445,0.002968676278322535,0.004383550638650924
2023-08-31,-0.004592427701495927,-0.007001005883114808,-0.004569872649979989,-0.0029598893250967206,-0.010070794115761839
2023-09-01,0.0020681504039736787,0.0030702531862780713,0.002347282559604702,-0.0023389468357530863,0.0066729684100386155
2023-09-04,0.006255278667870234,-0.008049018262254903,-0.0008081872384706479,-9.025283994668065e-05,0.011630074770432985
2023-09-05,-0.00608999825009604,0.012800105438041331,0.005351225504199197,0.020741297684455873,0.0031737801673836774
2023-09-06,0.01308007496716046,0.009817143660563632,0.002104295142818735,0.009232320782719627,0.00016032902090157286
2023-09-07,0.009620829328551794,-0.0034640093198659017,0.0013587018437817289,-0.0081411341665657,0.0073909638581912684
2023-09-08,0.00779092311368168,-0.0072885828941342545,0.0066612164456441025,-0.0022947781815644275,-0.0038637791922757625
2023-09-11,0.005174370515705906,0.010278903645120518,0.010783439915323711,0.005705759913389841,0.011258393646019993
2023-09-12,0.0031254073243371927,0.008832771193248767,-0.01444666457022481,0.007344460236260897,0.028773369169161622
2023-09-13,0.004276298072440454,0.005208981029286797,0.00500225037229729,0.0030560239745047735,-0.0036164493839110357
2023-09-14,-0.0006083202556684819,-0.007828199070036956,0.0009179448791560851,-0.004309006896110024,-0.002186275634264101
2023-09-15,0.011473671539015351,-0.003555837189778699,0.0018547576674545763,0.005245821161667497,0.010744262543425975
2023-09-18,-0.019678034763962016,0.008252453453493125,-0.008706856102569382,-0.0018699486359875506,0.002181579458268912
2023-09-20,-0.04011550279080167,0.0019910435579539865,-0.022286652094236636,0.0047924829064549535,-2.7695044904629817e-05
2023-09-21,-0.006618881500535356,-0.012032326748806721,-0.0072831847863188415,-0.006070283310990243,-0.005754096465679148
2023-09-22,-0.015257309872588776,-0.009832377485086807,-0.004165238351185874,-0.012040385904514617,0.0051179716772384864
2023-09-25,0.0008824966094715947,-0.0011284602886958428,-0.0061572800938944905,-0.0073297757125535545,-0.007353686587043162
2023-09-26,0.00434363495740242,-0.00033883452652661017,0.0008757834526107455,0.0016011301519021082,0.0023902825203290234
2023-09-27,-0.007023730925809102,0.015142972022009316,0.011270019009101295,0.012523970224913361,0.0010038805083141256
2023-09-28,-0.0020630992304075946,-0.01870202837252588,-0.01469030729178833,-0.006710851054886113,-0.014640667906883342
2023-09-29,0.0017063698906538693,0.008281360354727596,0.004669959596351303,0.023271373131564355,-0.0023044094402759896
2023-10-03,-0.011956944089647537,-0.010463505301924192,-0.011450041013992163,-0.014845107279272685,-0.004180086102876568
2023-10-04,0.014256823234369165,-0.008300191805037271,-0.001725447674258196,-0.015462520295448479,0.006801659187180231
2023-10-05,0.004053403552863211,-0.00011476052945713633,-2.1574819401237733e-05,-0.004182567880029575,0.014585514852033077
2023-10-06,-0.001106905243195011,0.01398921555826571,0.0016853167113655143,0.007327569629966835,0.008929083334523247
2023-10-09,-0.011603297139809898,-0.0038447114200281796,-0.008520313119544265,-0.0037701485696021164,0.004680638620428779
2023-10-10,0.00567178953421088,0.008968055927174978,0.004416409321920778,0.0030719835655841354,-0.002597414230322115
2023-10-11,0.009673213236221834,0.008663421952761485,0.015876854862132417,0.001997254510843094,-0.005235733293084466
2023-10-12,0.006657487109167581,0.005465594343813329,0.0018548984063984086,0.0014618964218287012,-0.01865704404485602
2023-10-13,-0.009097621555094415,-0.005214105222821286,-4.239754450174882e-05,0.013181248278921531,0.007988721909102603
2023-10-16,-0.0040045390056095975,0.0013382649043502948,-0.002234811744303733,-0.008731364275668119,-0.013106191149545143
2023-10-17,0.007583619166151134,0.010023341309584932,0.00477803910903396,0.0013213290388118804,-0.0048238846915475975
2023-10-18,-0.013917623209307672,-0.003969563651018526,-0.013268170571580029,0.014602164802463236,-0.0056458400514936
2023-10-19,-0.0031585358738823732,-0.002767629827288287,-0.007680782866891889,-0.010317213670012482,-0.0064975841223592345
2023-10-20,0.005181789366338396,-0.026864941505689854,-0.003056974870395357,0.000613015347194823,0.011257025257510822
2023-10-23,-0.010999462800079018,-0.005475802321830536,-0.015614800545062035,-0.017291163823910716,-0.024151935577034878
2023-10-25,-0.0063411444270565775,-0.007341136766576106,-0.0023198318619076508,-0.0019151783962705338,-0.005879531749894196
2023-10-26,-0.02211829834876411,0.003813256114223895,-0.013928481681996563,-0.014817787107119229,-0.015737070030754197
2023-10-27,0.003929232676989969,-0.0013813203573950217,0.017651007578809663,0.0068861478210981986,0.00425566215028117
2023-10-30,0.010856698730110192,-0.007608050013676704,0.020610731187770126,0.0035093111410580136,0.008236499224195448
2023-10-31,-0.0057909239663404,-0.00476259931529599,-0.010637806825655738,-0.023852249066897202,-0.0029006503962091257
2023-11-01,-0.0013545786209815391,-0.0007000507526696564,0.0041522675846532575,0.025353717813940246,-0.011309836927932637
2023-11-02,0.0015260105184327077,0.0071244187792247615,0.009924298360359796,0.014916717237192678,0.008842131940541842
2023-11-03,0.004740137423816737,0.004870623902084592,-0.00021550362550659674,0.0072824749900990415,-0.0027381532955477184
2023-11-06,0.007245156752299531,0.004847095796747025,0.00832004213882076,0.007799416570528406,0.008758970937674526
2023-11-07,-0.004851248219655213,-0.006087062983762714,-0.006498527100767593,0.018217435337509746,-0.0028991915936472656
2023-11-08,0.002891361003905857,0.009822096040654316,0.005206939241156672,0.004910601809696491,0.0032933182808603245
2023-11-09,-0.003955551856027806,-0.005835936495645178,-0.010852272428152565,-0.00042498232607279807,-0.010084198037952796
2023-11-10,0.00393766357865899,0.004949473477559474,0.0018825948855072383,0.0026781972322387215,-0.004182229132434712
2023-11-13,-0.0018102226752987338,-0.0012598753063567392,-0.00012951322787979613,-0.0013141984566973353,-0.0005699860358139297
2023-11-15,0.010478050636133718,0.013646616225017727,0.01808085838757778,0.0026319619200989575,0.02183682508563134
2023-11-16,0.002625653005829509,-0.007466733160145345,0.0018035497993185157,0.007324975020307489,0.02747980306127018
2023-11-17,-0.002154668892700551,0.0013677004295782336,-0.002181512827418408,0.00424524903487189,0.00131504821506212
2023-11-20,6.640861462203773e-05,-0.00557766105262858,-0.0026320169281037753,-0.005524934207274068,0.004896643789765731
2023-11-21,0.008470743657106983,-0.00125915434367041,0.012577785436250544,0.011279654443749898,-0.002670746846075045
2023-11-22,-0.003557359929675652,0.007908296761692135,0.003909480847741342,0.002247222604066401,0.005683347013584195
2023-11-23,0.005784909901133117,0.0014782554759211752,0.0030566832931728793,-0.00440165879424137,-0.00620363895431697
2023-11-24,0.00709905245670206,-0.005790719506428732,-0.0006679754440481744,-0.0027944828792524357,-0.014579863422828021
2023-11-28,-0.002251744715390358,-0.005824684414569736,0.00020886901180094952,-0.0034296319995444913,0.003774855663826626
2023-11-29,0.019952187338997396,0.004480266573555047,0.0026311177982716316,0.009107252732065474,0.012564238560080154
2023-11-30,-0.0002244128707779014,-0.0032022810760633513,-0.00968464262088975,0.019672362490154915,-0.007442167352748497
2023-12-01,-0.002181155192438222,0.03212489205003832,0.007087475090490347,0.0044051087463061744,0.006895749795721384
2023-12-04,0.03471772437599685,0.00944868960267864,0.010817257318952223,-8.119008611129352e-05,0.00022775661082041765
2023-12-05,0.008885206406013646,-0.005065639883961692,0.007251502138246435,0.006822756695321619,0.005452226409123684
2023-12-06,0.0025251881610428573,0.02545661990257364,0.009578614607861358,0.0006454743817829733,0.02052889908420319
2023-12-07,0.0016279081234233939,-0.01111703832541755,-0.0016456134014709578,-0.0008463927740591792,0.002996461662972516
2023-12-08,0.013953181060686326,-0.019537250242580906,-0.0005291219258676261,-0.0028243049328622316,0.003264237064265041
2023-12-11,-0.001330715394932791,0.007347115348901756,0.0014659208701182092,0.004531524773044193,0.0044670095084418104
2023-12-12,-0.009933352024532605,0.001436674888221967,-0.014353336326153543,-0.018849694070788514,0.008015581411196848
2023-12-13,-0.0022635293503870946,0.00562784768665181,0.004083924439230335,0.01239728124715267,-0.021391070269535573
2023-12-14,0.011803314943127363,0.009766271244581404,0.012407878893459401,-0.001459634945158217,0.02050910313260501
2023-12-15,0.003878382108492451,-0.0041295882966638775,0.012763146193288888,0.003613980506839143,0.0528324634395867
2023-12-18,-0.0005131312544022215,-0.014295005242214498,0.010177811360086553,0.013757014985213312,-0.000466237500038158
2023-12-19,-0.0016910666748066738,0.009852688618731564,0.01471637000434134,-0.0062265372569060284,-0.011142140182661242
2023-12-20,0.002480426391761048,-0.011181662171170781,-0.012098842466514048,-0.010281286470779749,-0.009472822084503063
2023-12-21,0.0179239887974314,0.0009978778500201457,0.014007963870131368,0.0010954177056787806,0.0019708392901538474
2023-12-22,-0.00939699801658167,0.008306413477938923,0.0009755171493399661,0.0082286532443272,0.009637003012977985
2023-12-26,0.006942516405500365,0.0027460458111243646,0.005068148217326707,0.003095708311280587,-0.007439776283657329
2023-12-27,0.012392644722543089,0.0014240849225037877,0.0034134348904943934,0.003967912899277337,0.00412317974450227
2023-12-28,0.0011448346524198794,0.015313965829525822,0.007228826314022996,0.007744829978855394,-0.002965077796837412
2023-12-29,0.002345738600615821,-0.004309445737384232,-0.007906137122776657,-0.0021390593788965795,-0.001710465997468824
2024-01-01,-0.006523363346327082,0.012875988766090751,0.0020503959738025213,0.0006351760790741512,0.0046659895729783685
2024-01-02,0.0005889038810493741,0.004914046338627243,0.008280987474499568,0.028525962846427166,-0.00732071823791558
2024-01-03,-0.015419846381679148,0.014669828956854092,-0.010874167335911844,0.0018515992835297368,-0.024172587115321553
2024-01-04,0.01072981160420916,-0.0017810459981110194,0.005167727650784659,0.011050332696945553,-0.0067584052952699425
2024-01-05,-0.005115778855710351,-0.005142566084171851,0.004255552919257832,-0.00971096935119431,0.019390351400834893
2024-01-08,-0.011146128571051572,-0.017828944370509636,-0.007803699145799592,0.0039225557927846655,-0.015944995135338424
2024-01-09,-0.00778506460588857,-0.0020408043392222686,-0.002647642701601227,0.014326124646409255,0.0031536678858672396
2024-01-10,0.003302065352293937,-0.0026907758674448168,0.02697160551048494,0.0006420074326960457,0.006274008764941996
2024-01-11,-0.004196962325640263,-0.0014030293511110292,0.026300923271046495,-0.006491314851529317,0.006059660010924839
2024-01-12,-0.004730283779000755,0.008753929565488816,0.007960064576844506,0.00736943001123147,0.039418551211716446
2024-01-15,0.019254439776090093,0.0019283950855328857,0.017071220427544942,0.0025642530518441564,0.005408560324419165
2024-01-16,0.003795954814995506,0.010051462320561644,-0.013987237803242403,-0.01196072278774396,-0.010886852945728887
2024-01-17,-0.08435821841699642,-0.012068748579719402,-0.009493484322555479,-0.011001505128209299,0.006034207101439426
2024-01-18,-0.03339840232408209,-0.0023573996133926522,0.004682050055125231,0.028290852380720377,0.004633644861326669
2024-01-19,-0.01042956537148687,0.012889306216490093,-0.00036551886013491686,-0.00011221066531463819,0.017403902242162372
2024-01-23,-0.029442754671453852,-0.025874782673803165,-0.028428808417957585,0.03197060762336901,-0.021506329057094487
2024-01-24,0.02000212977424387,0.00936199367256485,0.011516122729174016,0.0027570612648006865,-0.004263527970209013
2024-01-25,-0.01442406338039448,-0.01714842181632703,0.00684581273665974,-0.00998468970190769,-0.008199275184073707
2024-01-29,0.01376396198778651,-0.012838735180027316,0.07019207209119882,0.023788475925692554,-0.002440832111607727
2024-01-30,-0.007115075607969978,-0.02612276625190768,-0.02791689228070482,-0.020773038286270085,-0.00011828218650411504
2024-01-31,0.012635884843198664,0.00798997131195378,0.013497874423745282,0.03404405364130603,0.00405186674384117
2024-02-01,0.002598144701739802,0.003057389405669575,1.758461973300207e-05,-0.0074026117214339715,0.010010708752694608
2024-02-02,-0.013775620339521177,-0.006321981404309729,0.021764290764849425,0.006179363720766329,0.029098455025623027
2024-02-05,-0.0008990237696264725,-0.004658013493690216,-0.01281131092421095,0.033282807689118066,0.0017649407419013663
2024-02-06,-0.0005190508140331396,-0.01518082697645029,-0.007800369205568813,0.007719689434617871,0.040948325143231434
2024-02-07,-0.009798567961059712,0.0009271237861887549,0.01005038239615974,0.014303898969155737,-0.012717730865716814
2024-02-08,-0.01881177690061908,-0.02529755141728729,0.005529920201540195,0.0022725549004258827,0.012416219335994905
2024-02-09,0.0003919474945885959,0.002291637353384557,0.007326911261691604,0.029307279748212123,-9.666122068319183e-05
2024-02-12,-0.009689238166751046,-0.020818305097205725,-0.005750451759874653,-0.00022817096854721441,-0.0031447847962077224
2024-02-13,0.0032012876607150353,-0.0002457595171483362,0.0087788239322526,0.005050661056352546,0.006988871820774012
2024-02-14,-0.007457946189577291,0.011800949050990939,0.011108520303732217,-0.014135591650760615,-0.011904994930787671
2024-02-15,0.021675444882809147,-0.018588337053557558,-0.0072736244199861355,-0.006906115434234805,0.0007562095854867223
2024-02-16,0.004137046230407337,0.0017331345807614085,-0.006816993632388413,3.3121629544607956e-05,0.006117052729458949
2024-02-19,-0.0019719869568169957,0.011492841808660392,0.009191620663659084,0.013344855763376406,-0.005934697891767149
2024-02-20,0.026250743821371048,-0.007696983373279731,-0.0020183055777382997,0.005620491112657833,-0.017825000980092764
2024-02-21,-0.010417386179811361,-0.006771749043352315,-0.0022603054647595267,0.0030545119620768446,-0.009712956757759406
2024-02-22,-0.013619094949370303,0.0275194806116823,0.009572803224650261,0.009492060851330475,0.02395085191919888
2024-02-23,0.000739622230789605,-0.007359158659999476,0.008014149187248298,0.002053875199315325,-0.008563431130536814
2024-02-26,0.001196804566237164,-0.0053475749716189735,-0.004217973849401924,-0.0027542155274647984,-0.012598535375852649
2024-02-27,-0.0015116538157575743,0.00476532999160395,-0.001126117932493731,0.01657085318372209,0.025830816761633013
2024-02-28,-0.007569711862609241,-0.006931764230633908,-0.020210035106284052,-0.0056231090359364355,0.0035450066344795417
2024-02-29,-0.004257116943339634,-0.004898319398946249,0.0035552472908801924,0.002605141546182077,-0.0057904143790571405
2024-03-01,0.01948838096266181,0.00787587288050684,0.021443640697963895,-0.011850905551472612,-0.00018302146894599858
2024-03-04,0.0013628316675868835,-0.0009767598097428776,0.010237124249434348,-0.004585529532361243,-0.003333965770564107
2024-03-05,0.005688652290626095,-0.007210990404345474,-0.004776431842498208,0.014238754400141884,-0.0168106946305413
2024-03-06,0.0012145387794642026,0.004185784046983221,0.0018663295556990978,0.018930216962309565,0.013010548177694092
2024-03-07,0.0024261309288313715,0.013975616039297423,-0.016017850921698162,0.001059914649957916,0.010899761306705669
2024-03-11,-0.012654586589520456,-0.010035061508287035,-0.008333789276905645,-0.0075355866516537695,0.0033466704658706714
2024-03-12,0.02223691592072674,-0.012090781492105407,0.006017298002358951,-0.00583580160772601,0.016956286460603875
2024-03-13,0.00058239016429118,0.04450477245044282,-0.029313595401854298,-0.016221810866910102,-0.01031659119170747
2024-03-14,-0.0033895164149082557,-0.006627885310542592,-0.0004888298556977588,0.007442600505038532,0.014123722873703448
2024-03-15,-0.001923734267552768,-0.001310651975839905,-0.009256142741806528,-0.014010922058952602,0.0027688722383125697
2024-03-18,-0.004543379837069539,-0.003937034774524006,0.014983603202708196,0.014888204077588618,-0.015820227553170696
2024-03-19,0.0022819280870032266,-0.018924460340884797,-0.009882156674163367,-0.014510813574663217,-0.042191574812834864
2024-03-20,-0.012626210184865982,0.015016607800205639,0.012980219098305268,0.0005813467239110803,-0.0016091224097458667
2024-03-21,0.010272113064315525,0.013350870868349185,0.0050042992920542595,0.010229965047124256,0.0005162814180188491
2024-03-22,-0.0020059494073969564,0.017448073483529836,0.0027912400118077496,0.027919892242665778,-0.01561811979987926
2024-03-26,-0.012094046787324064,-0.0022165148531231305,-0.009243837322053361,-0.0067126579694546384,-0.00854026667273744
2024-03-27,0.010733824983576001,0.0008183618525716696,0.03556867587086776,0.0037857504390839125,-0.009439033137928265
2024-03-28,0.004997502162920497,0.0008177723346352028,-0.004688961130108638,0.010223504265086225,0.009216654204462271
2024-04-01,0.015608881497745752,-0.003851857676330006,-0.0007235165386677567,0.005368430127231871,0.010435243264472982
2024-04-02,0.0065624157822739,-0.0019920574956335813,0.001464811073660366,-0.004296275810125483,-0.0084126570772306
2024-04-03,0.0014525726227001545,-0.0015263645921199664,-0.010323035879955644,-0.0014796560142936732,0.01634997873479227
2024-04-04,0.030560629026979758,-0.00576202148916205,-0.005894987923230066,-0.00030858086746399227,0.014186894433270814
2024-04-05,0.014368926746435529,0.011354232673630671,-0.0019311156675492214,-0.006391393329277073,-0.006007439181514473
2024-04-08,-0.0019038687123732467,0.0036252037213633237,0.01772141919922743,-0.005780101013756034,-0.0016838305555384459
2024-04-09,0.0012609903854652327,-0.006408701094596347,-0.015023746924568426,0.001781719561960271,-0.006544974038719675
2024-04-10,-0.007878411272634445,0.02486223296655421,0.010880323249758295,0.0009359689926211612,0.00965390381149489
2024-04-12,-0.011325613300661286,-0.015676842461605056,-0.008397617379594657,-0.039930140576617146,0.004203741966043006
2024-04-15,-0.01596496930744018,-0.009765273740827585,-0.001584833608396563,3.247424941466015e-05,-0.015044694800444569
2024-04-16,0.009734424396571795,0.0,0.0006314809277145894,-0.001623336627235461,-0.01735511674838819
2024-04-18,-0.009640578910032893,-0.01655311457285935,-0.0009721286757068404,-0.013755745146688647,-0.0027886299185942987
2024-04-19,0.024486582947708113,0.01408626553705239,0.003960910062861478,0.004220657520801252,-0.009269904757642
2024-04-22,-0.01247308537963343,0.0012949149027257079,0.006615009792733995,0.011360468859010542,0.010036076259891447
2024-04-23,-0.003041946182100408,0.009169950399338322,-0.013869611113239366,-0.03600401652977614,0.00261347571859627
2024-04-24,0.0027194858498060803,-0.0006989651582548495,-0.006270014606944763,0.0007408172720277939,-0.011265351360027598
2024-04-25,-0.0006283348661474397,0.020167883279558874,0.006757739970109977,0.02315330925554626,0.00552068522465321
2024-04-26,-0.0006288129306849521,0.005599308389932611,-0.00508564388380528,-0.008946454909649515,-0.00800846043322212
2024-04-29,0.013048083247909181,-0.004090852566990599,0.008588313530505154,0.009989714418212392,0.012783497232446095
2024-04-30,-0.006145858426906181,-0.005819413266407558,0.0013481560832511175,-0.012815493053668914,-0.012803018653893772
2024-05-02,0.007992945833216192,0.007689736214401499,-0.00030680580785069633,0.01125100781530497,0.011163071425096316
2024-05-03,-0.008255888510229181,-0.0058086535511404636,-0.022194904957440698,-0.005167959926075105,-0.005150947214313972
2024-05-06,0.002007167405733812,-0.0038949566146542214,-0.010094142707927745,0.011911453666593852,0.02020340773075624
2024-05-07,-0.01083639716253415,0.012880813095494714,-0.012715588039204029,-0.009024618156689868,0.014766340037324799
2024-05-08,-0.015602721371197004,0.0014761040607300657,0.012183618665748464,0.0042235819656244455,-0.0005025440926664793
2024-05-09,-0.023707538594818223,-0.03605438948041684,-0.017218327297845226,-0.017808612252439016,-0.00421181484039268
2024-05-10,0.006932843858268756,0.019407171197677098,0.009540112993453143,0.007961796825652012,-0.016741619625500803
2024-05-13,0.012066151783387324,-0.0034613576782156485,-0.0033572108910882026,0.01227985832717593,0.01384219093378447
2024-05-14,0.003916797365439262,-0.004978617002591168,0.012386803517364653,0.01324535130367277,-0.011804022743530762
2024-05-15,-0.01536674427468987,-0.004421681519451437,-0.002675838065554381,-0.011551584221865085,-0.005331728056044316
2024-05-16,0.015119941646313917,0.008532012938429201,0.006407549125266865,0.005826961036443645,0.01260251633035847
2024-05-17,0.0026365712830374033,0.011241272053401197,0.007261438264315689,-0.0031894932966629597,-0.017136754619845873
2024-05-21,-0.003619924643914252,-0.003438031784037787,0.0002960210860205592,0.006236033101463256,-0.003625377480583114
2024-05-22,0.0002741896225206819,0.01172952515659409,0.017077143077331547,-0.0010707474823345997,0.0030888120745111713
2024-05-23,0.022889193573563116,0.003296209707567721,0.01738959929387196,-0.028714313296471006,0.01603602355554412
2024-05-24,0.016481262991837164,-0.011668839463741643,-0.003903004241625929,-0.005618351027869006,-0.011288256733294588
2024-05-27,0.00692073914831437,-0.010774829907304051,-0.009457830264325784,-0.013889768668421953,-0.0006364114210840599
2024-05-28,0.0018328457919254415,-0.005793715477011796,-0.006854243269317606,-0.0007844981469041779,-0.0018585857120072546
2024-05-29,-0.014505066551512291,0.004545391695950807,-0.010592620254145868,0.009591045164737633,-0.009440336739311217
2024-05-30,0.004342556429610012,-0.016475186953570087,-0.011053153891567913,-0.013421602774560615,-0.01775912851018857
2024-05-31,0.011024206096186262,0.006134187718996875,0.003895184900022164,0.00047976180214459596,-0.017438117269955145
2024-06-03,0.026541770426659284,0.00914538315752389,0.055875967019565875,-0.0046238551999920885,0.008689904094093315
2024-06-04,-0.05664041458980795,-0.017420462579537443,-0.07485140469382034,-0.01596646468790608,0.003281278606316107
2024-06-05,0.04628666314534535,0.03636810564579762,0.016800530945147996,0.04017891323322442,0.008465604122095627
2024-06-06,0.005090807040371015,0.01185214930134415,0.007636796949228142,-0.009816386998462656,0.02240790445022678
2024-06-07,0.008751724683893292,0.008612761099955346,0.026788121774310447,0.02318868517116579,0.016590947489675045
2024-06-10,-0.007658810403847194,-0.0051234984400149175,0.0009865011142895508,0.004147758274525959,-0.009052504045581
2024-06-11,0.0022417525258939808,-0.008926506222466712,-0.010007397316991185,-0.008822963317596022,-0.0017103760536635315
2024-06-12,0.00597515109447988,-0.0016166202663975282,0.0045650597628161815,0.004734106728923271,-0.00530886146304399
2024-06-13,0.0041928080220983155,-0.004626427354157303,0.001315603264813836,0.0026214096483430094,0.01213580379818735
2024-06-14,0.010216563598352879,0.001975423042671176,0.008394530689067148,0.0034419385722657125,-0.011887061816666766
2024-06-18,0.006825808207053807,-0.005566536095802266,0.0023518619517457484,0.003265108440185127,-0.004423233200491761
2024-06-19,0.031129460112890417,-0.01189507445078386,-0.015107836072132064,-0.011144284743513477,-0.0035124149180353337
2024-06-20,0.006936652144256872,-0.0008261496267907287,0.0103176933649618,-0.021941561792603093,-0.003800943417134439
2024-06-21,-0.0021565366338862635,-0.008740814276813613,-0.013231972490982069,-0.002549306336485979,0.006204961567112921
2024-06-24,0.0039922509436949305,0.008817889813991009,-0.008750573559260566,0.01857218717359621,0.0015876405886634526
2024-06-25,0.023289886713483643,0.0,0.008793185758779076,0.007159651632599795,0.005672358956197554
2024-06-26,-0.0057556866277864716,0.001535523875941358,0.0411752309284259,0.010596559058557498,0.004533084059944903
2024-06-27,-0.0031443069887190367,0.003891983310258418,0.010914679353931867,-0.003221341112945586,0.02030675869324683
2024-06-28,-0.007281202321097524,-0.0016447288218749412,0.022769536628484355,0.0030339362233426925,-0.007625617692310738
2024-07-01,0.01270936588221061,0.009767091346331913,-0.0033537739776928754,-0.0004931654983740819,0.018967154760625604
2024-07-02,0.01489555963571143,-0.008274153107603599,0.0032208157613302646,0.0025984779863879037,0.009853681867677766
2024-07-03,0.021986704460015938,0.006580539887634629,-0.008146005840799275,0.006495887991888161,-0.012981009954200595
2024-07-04,-0.023464226522535103,0.0017511226848776484,0.001030653444264562,0.01561327213286634,0.014046969319424063
2024-07-05,-0.045769107202913495,0.010721330143351082,0.022264705796238182,0.006739799208252073,-0.002275510730098129
2024-07-08,-0.007736180590102726,0.022944723940814482,0.007726807675346281,-0.007651106376474592,-0.004636324842047901
2024-07-09,0.0007032014693770794,0.020288556746912878,-0.006636852552564965,0.018632761422529676,-0.0019282924770445131
2024-07-10,-0.006354984152985965,-0.0025409047502404913,-0.003804414522040611,0.008294505193393586,-0.019156892336153586
2024-07-11,-0.0025829025515787807,0.015948617063839876,-0.002256606012083995,-0.010509674790446177,0.0037218553449556158
2024-07-12,0.0004932336746024113,0.0008722142930750465,0.010169875248472238,0.0003489678589354561,0.06632782985342867
2024-07-15,-0.0003697047645558893,0.009476034426196156,0.00031314816413607893,0.005642470069560979,-0.00352540274719626
2024-07-16,-0.0014487047615358017,0.004639545812959556,-0.01313216821093699,-0.00434998727996172,0.0022186496253215893
2024-07-18,-0.0030560582363557964,0.010095670554896907,0.006613864970271832,0.009466280943168481,0.0328111369026618
2024-07-19,-0.004644492522152488,0.009143996790536013,-0.019868638319029297,-0.016057786406510344,-0.0007314185813378504
2024-07-22,0.021931127042678522,-0.016858044746136835,-0.03502873474372403,0.011921034186654467,-0.003498192080345852
2024-07-23,-0.014702725470337574,0.05497801823457671,-0.008512924756103102,0.008977263094901877,0.003498684407335473
2024-07-24,-0.008866751124292471,0.003758655268105482,0.005242276345356123,0.01114508101997469,0.000906487634609654
2024-07-25,0.007823909812235685,-0.008298743660253738,-0.0022062441131743826,0.02862087681687453,0.00377356118010308
2024-07-26,0.000958782823369031,0.02500263374037992,0.011139742374659978,0.02908509317135466,0.015118569146818084
2024-07-29,-0.008095590711742706,-0.012246198928596685,0.007339108470147293,0.005250077495322358,-0.0015383563034880865
2024-07-30,0.006541787800893095,-0.012397960161444455,-0.004571978958622713,-0.012563481447776081,-0.0035949107646389145
2024-07-31,0.00012375479396675715,0.011124811451401317,-0.00510530447303148,0.010431364655242747,0.004581441529117658
2024-08-01,0.014265875714105425,-0.003330990496814512,0.006559719728269409,-0.0024137115259503794,0.002679458449519556
2024-08-02,0.012417556268290442,-0.009317372395485801,-0.0105425706596185,0.009590794641775924,-0.025937594303037992
2024-08-05,-0.026157961302971322,-0.0063382578728962136,-0.03468225254936952,-0.0065256221727638675,-0.029885257041192936
2024-08-06,-0.009005110073006306,0.0006173301226382044,0.0060283569834118644,-0.007440347897193611,0.0038868627724522042
2024-08-07,0.013927037452677649,0.013057669509442427,0.0060265232562009,0.01575356985753973,0.007012511917635411
2024-08-08,0.011826323314208409,0.004262640513375882,-0.010717965775110527,0.0014991094144671813,-0.006642318129985281
2024-08-09,0.004565609587207753,0.002324501396243406,0.017372604731512142,-0.0010074053682548323,0.013469129567790894
2024-08-12,0.005999334540197632,-0.0026215123312059996,-0.009275626479931298,-0.0008356940105023192,-0.007827572548233408
2024-08-13,-0.03427510138121703,-0.009300486319135715,0.0020539625708344555,0.003604700680171824,0.0003099902977461433
2024-08-14,0.002869367384826571,0.004489813177892765,-0.001212829017154804,0.0008907582848038942,0.023421651346746675
2024-08-16,0.01511384109455638,0.02123122007019096,0.011184530964905015,0.0006316412761731005,0.02812409651631098
2024-08-19,-0.0003370262700076454,-0.0023872593020569655,0.01031767040923448,0.0028976957974444773,0.01674566051555537
2024-08-20,0.003769430283625086,-0.005284724477463643,0.005072514903698089,0.010613272056953171,0.007416520214933442
2024-08-21,-0.007266236980828067,0.013231739074676785,0.0018216343472330365,-0.0009624012008250249,0.006234351273235239
2024-08-22,0.0033829419518209836,-0.0016818184648076384,-0.0003670172821144124,-0.007933614395447486,-0.010875433659390144
2024-08-23,-0.00383136357651781,0.0024775187925281106,0.001234884122548019,0.01433759927259004,-0.008462871740510303
2024-08-26,0.009168955358966002,-0.00019774343504042058,0.008416841559635069,-0.0018583955783998407,0.008635843759747797
2024-08-27,-0.001341501236599818,-0.010085056423295935,-0.008032538192779826,0.009563043589293274,-0.0011770027229355273
2024-08-28,-0.0003969022287185764,-0.006592047510618593,-0.001432843330646083,0.012546041377153871,0.0019789286584579457
2024-08-29,0.0008857139553528626,0.01568465800552965,0.01510038896552457,-0.006981786453580718,0.0012760894484913354
2024-08-30,-0.001006947834348626,-0.0063353668784331685,-0.007429660332829102,0.01247777413928186,0.009297865691475726
2024-09-02,-0.0060786898781292065,0.01623825245041699,0.004388498360848425,-0.003128976062444777,-0.007180870671509076
2024-09-03,0.006392439610525269,-0.0012744255044182529,-0.004699108263862328,-0.00245050587950002,-0.0019243231133563299
2024-09-04,0.0027177896439278815,-0.005987303879902983,0.003594813625582116,0.011785764186274417,-0.00733544087446536
2024-09-05,0.002223092673748761,0.009578288243740296,-0.01424521020586289,-0.0034645294231275825,-0.0007368462863810432
2024-09-06,-0.005165735032823582,-0.018583717319688997,-0.018855016312041895,-0.0010675842477686492,-0.004289533733559225
2024-09-09,0.0058340796837741404,0.020031888170825685,-0.00162130368612734,-0.0014798622374880832,-0.0016154759845337097
2024-09-10,0.002338250411906495,0.003615000574624716,-0.0006324620380312451,0.00795897756482633,0.013102344741132255
2024-09-11,-0.003908208782745892,0.0014602918706725365,-0.006859264657110176,0.005091569028625065,-0.006322186099221638
2024-09-12,0.013808600832107443,0.010012616236170446,0.01949704083806436,0.010673498436681639,0.008561617221739315
2024-09-13,-0.0003900315826106393,-0.010875807607163224,-0.004848646273265755,-0.006245336888472175,0.001084561308021259
2024-09-16,0.003001236497852,-0.005351711490415245,-0.0008657800417685158,0.004962899172809898,-0.002067453654476026
2024-09-17,-0.001286626408101399,-0.006554532723314743,0.000645712066227766,0.0016908630291110338,-0.0016839218089870212
2024-09-18,0.015580028774170751,-0.0007878042366463722,-0.006011103043068844,-0.016129884375282177,-0.03540003001079217
2024-09-19,0.008083577950127374,0.0017739240748355645,0.00425370267595615,0.005473960273109757,-0.011504559082971988
2024-09-20,0.019139539375109926,0.012100360386941844,0.011056912440321032,0.010671406438796494,-0.0026184736747874027
2024-09-23,0.010682425828191677,0.004957244578916553,0.005013660610634352,-0.0016347530349776207,-0.003827386447843306
2024-09-24,0.004687986523075782,-0.0032885492671780314,-0.002678525558589717,0.0028989731427555565,0.0006558534116580805
2024-09-25,0.006249729281961658,0.004463839946998505,0.003071732849347697,0.00131146800973303,0.0008077942821251849
2024-09-26,0.0024451300875132365,0.01004740028012785,0.0026774947777858937,0.014888763706683461,0.004152430637699656
2024-09-27,-0.017269928012657254,-9.572987143380285e-05,0.018842467075386393,0.026495897342434294,0.0037738746045703486
2024-09-30,-0.011753590794554736,-0.008704695663533935,-0.03249956174131363,-0.011289565806343549,-0.009329914842130194
2024-10-01,-0.0033775675513509906,-0.003763379523210042,-0.007957679890677194,-0.0035034105007055727,0.004544821905322793
2024-10-03,-0.02560535132398034,-0.006683469095723704,-0.03949269208533057,-0.0047396536293681235,-0.012861803237057323
2024-10-04,-0.014476750506686953,-0.01794248065493176,-0.014534730523430572,-0.0004186578495198878,0.004606966513125421
2024-10-07,-0.02404009922405448,0.013206170386746319,-0.011395420352580121,-0.0025130641092672157,0.004844708459447622
2024-10-08,0.020552656239938738,-0.004410004372804366,0.0194239966524532,0.006245864414903712,-0.004587144336847371
2024-10-09,-0.010841648920968061,-0.03199136880171349,-0.01628076313106086,0.007146061354248889,-7.04461746666718e-05
2024-10-10,0.017910150165874494,0.000711880749864946,-0.0025825772062730845,-0.02232177952015535,-0.006007808677991666
2024-10-11,-0.00685753317244131,-0.007824505441091922,0.0007658021900851519,0.0075221601408284045,-0.0184982137421994
2024-10-14,0.02247123989283173,0.01792303261425321,0.0003097665148292794,0.004101129328137665,-0.0030248570364467264
2024-10-15,-0.002369529134962467,0.0032196336559522365,-0.02076462740368623,-0.0059170537147853475,-0.004798579288416205
2024-10-16,0.009322552378198568,-0.010731106121446565,0.007477531023245998,2.6324776409181183e-05,-0.005307383342134542
2024-10-17,-0.01567837431578245,-0.008718568596457033,0.0017355366215876522,-0.00471416650472678,0.0034309037112207896
2024-10-18,0.005199781183269581,-0.004499914758781087,0.002119514103785969,0.011007871953838677,0.005867364884280191
2024-10-21,0.027856182662219453,-0.006266692875033564,0.007283144152932186,-0.006988307229233159,-0.010477678737423002
2024-10-22,-0.008185280922534233,-0.0038251009480461118,-0.018879655477459623,-0.00498147391407211,-0.01577272686578246
2024-10-23,0.012393969464591148,-0.00300948323830319,-0.0035917520257832125,-0.025535782202300128,0.012638609835553094
2024-10-24,0.007978955998030335,-0.018007783036092073,0.0009526096826493191,0.005192082091665329,-0.004512809054894262
2024-10-25,-0.0035721316455352703,0.022471912504384628,-0.008919334931152934,0.006219913731176918,0.00238397003197921
2024-10-28,-0.005277097282829213,0.0038358078786888683,0.004895114899429842,0.02284457267671436,0.008206898173743538
2024-10-29,0.010177642346343108,0.007848818276588343,0.004234301118042572,-0.016448657014620838,-0.0038133147096323095
2024-10-30,-0.009846778454829508,0.007377808224045879,0.0029104745988790537,-0.010418851837809773,0.0023064926106963757
2024-10-31,0.000634221876375296,-0.005594501026471188,-0.008817617250717169,-0.0017277519793419405,-0.028447865175827314
2024-11-01,0.0009217902461020611,0.003068763741966185,0.004954757886030059,0.005138233347038446,0.003968783054962177
2024-11-04,-0.013354076589674246,-0.011625653228705235,-0.02726622615482377,-0.026635851752360273,-0.005032366885867612
2024-11-05,0.025523590157632503,-0.009079619198503752,0.002419062081197243,-0.0029300065121158347,0.0018163430121471702
2024-11-06,-0.0014790698420791282,0.0018742198882981675,0.015360433017062691,0.013223465643851906,0.04237835718974159
2024-11-07,-0.004956496468410787,-0.00665141123843449,-0.014863959263467397,-0.019973142400852795,0.002717624824734699
2024-11-08,0.004523082938771239,0.0003137916105711014,-0.01677333590404584,0.010413442543264706,-0.0009395061758231682
2024-11-11,0.006754357238096809,-0.0023009534522039354,-0.008607642550177097,-0.00828902914550822,0.012466970681129785
2024-11-12,-0.027232061742630598,-0.008596206928254801,0.0012179710824313794,0.0034826067295476992,-0.00030980761969912063
2024-11-13,-0.02144692158728967,-0.0013746868745189156,-0.017422017670066903,-0.01213311736291689,-0.011209172019863267
2024-11-14,0.006780317535256319,-0.013235902610013839,0.012419645590951989,-0.006070872998368504,-0.0010722609422397777
2024-11-18,0.0072957538290263635,0.0012876444181864066,-0.005403915411881233,-0.011565345986220943,-0.030487975875561846
2024-11-19,0.021787651895904814,0.001714747025308494,-0.01514973443612555,0.01687878018560829,0.004988235908463867
2024-11-21,-0.0006027482707913201,-0.021825169447871273,-0.015020332373453904,0.0015473676189881047,0.008243403691495121
2024-11-22,0.0025269872633133517,0.03828060970790492,0.03466883977199631,0.008595536788928104,0.042169486978181014
2024-11-25,0.02291477074597914,0.00452965144533124,0.017069672210535236,0.00200525123007278,0.016609305120821594
2024-11-26,-2.7922993511175775e-05,0.00041954127205667824,0.0067599179252813,-0.020734979045594848,0.008713812142444599
2024-11-27,0.014981346850194921,-0.00010491150766955837,-0.0019295034595612215,-0.006897174612433443,-0.004629550288297923
2024-11-28,-0.010566711904950399,-0.004298103464127401,-0.017321295773564005,-0.008688433566232279,-0.020230606784026217
2024-11-29,0.0016173373374064326,0.003895578094541552,0.016839745390603067,0.02689934300300245,0.006113446831955027
2024-12-02,0.0048160723939409955,0.0009438561794319345,0.013117256434050262,0.015525869950775872,0.001358024795456103
2024-12-03,0.011968727349159325,-0.009744334329235937,0.010808475462453115,-0.004699929750987986,0.006102823793518564
2024-12-04,0.01850737844170225,-0.01153319544443876,-0.010844142312697147,8.329146943797383e-05,0.012004036457243572
2024-12-05,0.0030375035376459802,0.0008563639703098591,0.010008087816572253,0.007360244731151155,0.025181326129003256
2024-12-06,-0.005306231280730711,0.007807438149138646,-0.007942226821521237,-0.004742279913229175,-0.004155320982037303
2024-12-09,0.007624615484305375,-0.013159257703083238,-0.01250425525373744,0.0009973204613604736,0.0014958482284568309
2024-12-10,-0.001016094559382008,0.001075368911579444,-0.00795284633887361,0.001826541940141757,-0.004402498354262874
2024-12-11,-0.0026765342702549377,-0.00042969987746899196,-0.005175693128900094,0.0022375967643437633,-0.0011505236083660941
2024-12-12,-0.002066410548986708,-0.009994547120712127,-0.0119698620049552,-0.0047133601466962105,0.006211478191677555
2024-12-13,0.006723119648891718,0.020408114321893267,0.007878676953671393,0.00443105509472419,0.0042535348833396824
2024-12-16,-0.0034994000546900716,0.00021280561339609427,-0.003574623896608675,-0.0020126036818112203,-0.01312063363749938
2024-12-17,-0.017129482565494958,-0.0011699682376159481,-0.018134560064890004,-0.011465394995105793,-0.019636691666806483
2024-12-18,-0.012300564446802609,0.002023163006485751,0.006383971681293232,0.0067074755711502565,0.00447050050850839
2024-12-19,-0.009499141398529698,-0.00839532382085273,-0.018192738883663018,0.012353893962249396,-0.01746850860983762
2024-12-20,-0.012266490365472671,-0.004072344818264129,-0.02043955684943488,-0.007925238063886675,-0.02378337973576683
2024-12-23,0.016652554470470093,0.020660671200583014,0.014104370921263154,0.0031788150116414116,-0.002877511291974333
2024-12-24,-0.0016102191210085604,0.008856044805352958,0.0003680846263756088,0.002424787905378478,0.00509836434797073
2024-12-26,-0.004087635638419518,-0.0031351484619988046,-0.0050705022120551835,0.012286934757266721,-0.002488308225510827
2024-12-27,0.004188217402619765,0.0034595655295499572,0.0036990497900886155,0.01080734550094431,-0.0010193757905838652
2024-12-30,-0.011316565940579282,-0.0033430774189000534,-0.008476419522493672,0.012169262322005991,-0.0014527432897242232
